id,Item Purchased,Category,Size,Color
1,Blouse,Clothing,L,Gray
2,Sweater,Clothing,L,Maroon
3,Jeans,Clothing,S,Maroon
4,Sandals,Footwear,M,Maroon
5,Blouse,Clothing,M,Turquoise
6,Sneakers,Footwear,M,White
7,Shirt,Clothing,M,Gray
8,Shorts,Clothing,L,Charcoal
9,Coat,Outerwear,L,Silver
10,Handbag,Accessories,M,Pink
11,Shoes,Footwear,L,Purple
12,Shorts,Clothing,S,Olive
13,Coat,Outerwear,M,Gold
14,Dress,Clothing,M,Violet
15,Coat,Outerwear,L,Teal
16,Skirt,Clothing,M,Teal
17,Sunglasses,Accessories,S,Gray
18,Dress,Clothing,XL,Lavender
19,Sweater,Clothing,S,Black
20,Pants,Clothing,M,Green
21,Pants,Clothing,M,Black
22,Pants,Clothing,M,Charcoal
23,Pants,Clothing,M,Peach
24,Pants,Clothing,XL,White
25,Jacket,Outerwear,M,Green
26,Hoodie,Clothing,M,Silver
27,Jewelry,Accessories,M,Red
28,Shorts,Clothing,L,Cyan
29,Handbag,Accessories,M,Gray
30,Dress,Clothing,S,Black
31,Jewelry,Accessories,L,Black
32,Dress,Clothing,L,Brown
33,Jacket,Outerwear,M,Silver
34,Pants,Clothing,L,Green
35,T-shirt,Clothing,L,Violet
36,Blouse,Clothing,M,Cyan
37,T-shirt,Clothing,M,Maroon
38,Jeans,Clothing,S,Cyan
39,Dress,Clothing,M,Red
40,Pants,Clothing,S,Turquoise
41,Handbag,Accessories,L,Beige
42,Scarf,Accessories,M,Orange
43,Coat,Outerwear,M,Beige
44,Scarf,Accessories,L,Lavender
45,Hat,Accessories,S,Silver
46,Socks,Clothing,XL,Indigo
47,Shirt,Clothing,L,White
48,Jewelry,Accessories,M,Charcoal
49,Shirt,Clothing,M,Orange
50,Hoodie,Clothing,S,Indigo
51,Blouse,Clothing,M,Red
52,Skirt,Clothing,XL,Gray
53,T-shirt,Clothing,M,Green
54,Skirt,Clothing,S,Peach
55,Coat,Outerwear,M,Brown
56,Jacket,Outerwear,M,Lavender
57,Backpack,Accessories,XL,Brown
58,Coat,Outerwear,M,White
59,Hoodie,Clothing,M,Charcoal
60,Belt,Accessories,L,Yellow
61,Sweater,Clothing,L,Brown
62,Sneakers,Footwear,S,Magenta
63,Sunglasses,Accessories,L,Lavender
64,Boots,Footwear,S,Green
65,Backpack,Accessories,M,Purple
66,Blouse,Clothing,S,Magenta
67,Coat,Outerwear,L,Gray
68,Handbag,Accessories,L,Silver
69,Belt,Accessories,S,Cyan
70,Belt,Accessories,M,Magenta
71,Dress,Clothing,L,Gold
72,Dress,Clothing,M,Olive
73,Pants,Clothing,M,Teal
74,Gloves,Accessories,L,Violet
75,Scarf,Accessories,M,Blue
76,Hat,Accessories,S,Teal
77,Skirt,Clothing,M,Maroon
78,Jacket,Outerwear,M,Olive
79,Sandals,Footwear,XL,Blue
80,Shoes,Footwear,L,Maroon
81,Pants,Clothing,S,Olive
82,Dress,Clothing,M,Turquoise
83,Coat,Outerwear,S,Peach
84,Sunglasses,Accessories,M,Charcoal
85,Hoodie,Clothing,L,Pink
86,Shoes,Footwear,M,Green
87,T-shirt,Clothing,M,Orange
88,Jacket,Outerwear,XL,Pink
89,Hat,Accessories,L,Violet
90,Scarf,Accessories,S,Green
91,Sweater,Clothing,M,Purple
92,Skirt,Clothing,S,Silver
93,Sneakers,Footwear,L,Pink
94,Gloves,Accessories,S,Gold
95,Shoes,Footwear,M,Teal
96,Jeans,Clothing,XL,Teal
97,Hoodie,Clothing,XL,Indigo
98,Sunglasses,Accessories,M,Maroon
99,Coat,Outerwear,XL,White
100,Socks,Clothing,L,Violet
101,Boots,Footwear,L,Red
102,Sunglasses,Accessories,L,Pink
103,Backpack,Accessories,M,Charcoal
104,Jacket,Outerwear,L,White
105,Sneakers,Footwear,L,Olive
106,Socks,Clothing,L,Purple
107,T-shirt,Clothing,M,Violet
108,Backpack,Accessories,M,Black
109,Belt,Accessories,L,Purple
110,Gloves,Accessories,M,Red
111,Hat,Accessories,L,Maroon
112,Coat,Outerwear,S,Blue
113,Skirt,Clothing,M,Gray
114,Shoes,Footwear,S,Blue
115,Sandals,Footwear,L,Yellow
116,Sweater,Clothing,L,Orange
117,Coat,Outerwear,M,Orange
118,Hat,Accessories,L,Red
119,Shorts,Clothing,M,Olive
120,Backpack,Accessories,L,Brown
121,Sweater,Clothing,M,Gray
122,Shorts,Clothing,M,Indigo
123,Shorts,Clothing,L,Pink
124,Scarf,Accessories,M,Gold
125,Dress,Clothing,XL,Olive
126,Scarf,Accessories,L,Violet
127,Skirt,Clothing,L,Indigo
128,Backpack,Accessories,M,Orange
129,Sweater,Clothing,M,Violet
130,Hat,Accessories,L,Gray
131,Sandals,Footwear,M,Purple
132,Blouse,Clothing,M,White
133,Sneakers,Footwear,M,Turquoise
134,Shirt,Clothing,L,Yellow
135,Gloves,Accessories,M,Turquoise
136,Jacket,Outerwear,L,Violet
137,Shoes,Footwear,M,Silver
138,Jewelry,Accessories,M,Teal
139,Skirt,Clothing,S,Black
140,Shoes,Footwear,M,Purple
141,Gloves,Accessories,M,Gray
142,Pants,Clothing,M,White
143,Boots,Footwear,L,Cyan
144,Sunglasses,Accessories,L,Turquoise
145,Shirt,Clothing,S,Brown
146,Hoodie,Clothing,M,Maroon
147,Dress,Clothing,M,Charcoal
148,Socks,Clothing,S,Olive
149,Shorts,Clothing,M,Lavender
150,Hat,Accessories,S,Yellow
151,Shirt,Clothing,XL,Teal
152,Gloves,Accessories,M,Charcoal
153,Gloves,Accessories,M,Orange
154,Backpack,Accessories,M,Olive
155,Sunglasses,Accessories,M,Turquoise
156,Skirt,Clothing,M,Purple
157,Handbag,Accessories,S,Purple
158,Handbag,Accessories,S,Yellow
159,Sneakers,Footwear,XL,Indigo
160,Gloves,Accessories,M,Green
161,Shoes,Footwear,M,Magenta
162,Jacket,Outerwear,S,Gold
163,Shirt,Clothing,M,Maroon
164,Shorts,Clothing,M,Blue
165,Jewelry,Accessories,M,Violet
166,Hat,Accessories,M,Turquoise
167,Shoes,Footwear,L,Brown
168,Coat,Outerwear,L,Violet
169,Backpack,Accessories,L,Black
170,Hoodie,Clothing,L,Magenta
171,Skirt,Clothing,L,Lavender
172,Boots,Footwear,M,Violet
173,Sandals,Footwear,L,Green
174,Pants,Clothing,M,Beige
175,Gloves,Accessories,XL,Purple
176,Skirt,Clothing,XL,Beige
177,Sneakers,Footwear,L,Cyan
178,T-shirt,Clothing,XL,Silver
179,Backpack,Accessories,S,Lavender
180,Shoes,Footwear,S,Purple
181,Hoodie,Clothing,M,Pink
182,Blouse,Clothing,M,Maroon
183,Coat,Outerwear,XL,Beige
184,Hat,Accessories,M,Gray
185,Shoes,Footwear,L,Turquoise
186,Belt,Accessories,S,Silver
187,Jacket,Outerwear,M,Magenta
188,Boots,Footwear,M,Lavender
189,Scarf,Accessories,M,Black
190,Jewelry,Accessories,M,Turquoise
191,Hat,Accessories,XL,Green
192,Dress,Clothing,S,Teal
193,Blouse,Clothing,S,Beige
194,Hat,Accessories,L,Magenta
195,Scarf,Accessories,S,Yellow
196,Sneakers,Footwear,M,Yellow
197,Shirt,Clothing,M,Silver
198,T-shirt,Clothing,L,Silver
199,Gloves,Accessories,M,Silver
200,Skirt,Clothing,M,Gold
201,Sandals,Footwear,S,Olive
202,Jacket,Outerwear,L,Teal
203,Skirt,Clothing,L,Maroon
204,Handbag,Accessories,L,Blue
205,Handbag,Accessories,L,Peach
206,Jacket,Outerwear,L,Blue
207,Scarf,Accessories,S,Orange
208,Shorts,Clothing,L,Yellow
209,Sunglasses,Accessories,M,Purple
210,T-shirt,Clothing,S,Magenta
211,Belt,Accessories,M,Cyan
212,Sneakers,Footwear,S,Indigo
213,Hat,Accessories,XL,Magenta
214,Gloves,Accessories,XL,Gray
215,Pants,Clothing,M,Turquoise
216,Socks,Clothing,S,Beige
217,Shoes,Footwear,L,Violet
218,Jeans,Clothing,M,Turquoise
219,Socks,Clothing,M,White
220,Sandals,Footwear,S,Silver
221,Scarf,Accessories,L,Olive
222,Blouse,Clothing,M,Blue
223,Jewelry,Accessories,L,Purple
224,Sweater,Clothing,XL,Yellow
225,Gloves,Accessories,S,Silver
226,Sunglasses,Accessories,M,Cyan
227,Coat,Outerwear,L,Green
228,Dress,Clothing,M,Beige
229,Skirt,Clothing,M,Peach
230,Pants,Clothing,L,Yellow
231,Sweater,Clothing,XL,Turquoise
232,Hoodie,Clothing,M,Peach
233,Jewelry,Accessories,M,Olive
234,Belt,Accessories,S,Indigo
235,Sandals,Footwear,L,Charcoal
236,Sunglasses,Accessories,XL,Beige
237,Sweater,Clothing,XL,Brown
238,Belt,Accessories,M,Blue
239,Handbag,Accessories,S,Teal
240,Skirt,Clothing,L,Black
241,Handbag,Accessories,XL,Gold
242,Shorts,Clothing,M,Violet
243,Sunglasses,Accessories,M,White
244,Scarf,Accessories,M,Charcoal
245,Jewelry,Accessories,XL,Violet
246,Handbag,Accessories,M,Red
247,Gloves,Accessories,S,Lavender
248,Jeans,Clothing,M,Gold
249,Hat,Accessories,S,Red
250,Jeans,Clothing,L,Magenta
251,Shorts,Clothing,M,Purple
252,Pants,Clothing,S,Charcoal
253,Backpack,Accessories,M,Gray
254,Jewelry,Accessories,L,White
255,Sweater,Clothing,M,Olive
256,Shoes,Footwear,M,Charcoal
257,Blouse,Clothing,M,Charcoal
258,Jeans,Clothing,XL,Orange
259,Sunglasses,Accessories,XL,Yellow
260,Jewelry,Accessories,M,Beige
261,Coat,Outerwear,S,Silver
262,Jewelry,Accessories,M,Indigo
263,Backpack,Accessories,XL,Lavender
264,Skirt,Clothing,XL,Turquoise
265,Shirt,Clothing,M,Green
266,Sweater,Clothing,M,Orange
267,Sneakers,Footwear,L,Turquoise
268,Sandals,Footwear,S,Cyan
269,Belt,Accessories,XL,Charcoal
270,Sweater,Clothing,S,Maroon
271,Skirt,Clothing,M,Red
272,Handbag,Accessories,XL,Yellow
273,Jewelry,Accessories,L,Gray
274,Scarf,Accessories,L,Blue
275,T-shirt,Clothing,M,Lavender
276,Coat,Outerwear,M,Yellow
277,T-shirt,Clothing,M,Indigo
278,Dress,Clothing,XL,Violet
279,Handbag,Accessories,M,White
280,Sunglasses,Accessories,M,Indigo
281,Sandals,Footwear,S,Lavender
282,Shoes,Footwear,XL,Purple
283,Sneakers,Footwear,M,Maroon
284,Hat,Accessories,M,Teal
285,Skirt,Clothing,M,Green
286,Sweater,Clothing,L,Olive
287,Sandals,Footwear,M,Turquoise
288,Dress,Clothing,M,Green
289,Sweater,Clothing,M,Teal
290,Jacket,Outerwear,S,White
291,Handbag,Accessories,M,Beige
292,Dress,Clothing,M,Yellow
293,Jeans,Clothing,L,Silver
294,Dress,Clothing,M,Pink
295,Pants,Clothing,M,Purple
296,Jewelry,Accessories,XL,Orange
297,Handbag,Accessories,M,Charcoal
298,Sweater,Clothing,L,Teal
299,Backpack,Accessories,M,Beige
300,Shorts,Clothing,XL,White
301,Sneakers,Footwear,L,Orange
302,Hoodie,Clothing,M,Orange
303,Shirt,Clothing,M,Olive
304,Scarf,Accessories,M,White
305,Coat,Outerwear,M,Teal
306,Socks,Clothing,S,White
307,Sweater,Clothing,M,Beige
308,Shirt,Clothing,L,Beige
309,Blouse,Clothing,M,Lavender
310,Hat,Accessories,S,Orange
311,Sweater,Clothing,M,Cyan
312,Shorts,Clothing,M,Teal
313,Shorts,Clothing,L,Blue
314,Hat,Accessories,S,Blue
315,Coat,Outerwear,M,Olive
316,Skirt,Clothing,M,Charcoal
317,Shoes,Footwear,S,Olive
318,Jeans,Clothing,L,Violet
319,Sandals,Footwear,L,Red
320,Blouse,Clothing,M,Beige
321,Hat,Accessories,M,Green
322,Jeans,Clothing,XL,Yellow
323,Sneakers,Footwear,L,Yellow
324,Jewelry,Accessories,S,Olive
325,Jewelry,Accessories,XL,Magenta
326,Pants,Clothing,L,Black
327,Belt,Accessories,M,Olive
328,Sneakers,Footwear,M,Olive
329,T-shirt,Clothing,M,White
330,Sneakers,Footwear,M,Charcoal
331,Shoes,Footwear,L,Charcoal
332,Socks,Clothing,M,Turquoise
333,Dress,Clothing,XL,Cyan
334,Belt,Accessories,M,Silver
335,Scarf,Accessories,M,Olive
336,Sneakers,Footwear,S,Pink
337,Coat,Outerwear,L,White
338,Jewelry,Accessories,S,Purple
339,Sunglasses,Accessories,M,Olive
340,Shoes,Footwear,S,Gray
341,Scarf,Accessories,M,Silver
342,Dress,Clothing,L,Orange
343,Backpack,Accessories,XL,Beige
344,Jewelry,Accessories,L,Lavender
345,Jeans,Clothing,M,Peach
346,Sunglasses,Accessories,S,Magenta
347,Shorts,Clothing,S,Yellow
348,Jewelry,Accessories,L,Brown
349,Handbag,Accessories,M,Orange
350,Boots,Footwear,L,Purple
351,Gloves,Accessories,M,Indigo
352,Sweater,Clothing,L,Gray
353,T-shirt,Clothing,XL,Black
354,Scarf,Accessories,M,Beige
355,Sneakers,Footwear,L,Brown
356,Belt,Accessories,M,Indigo
357,Boots,Footwear,S,Silver
358,Boots,Footwear,M,Green
359,T-shirt,Clothing,L,Orange
360,Backpack,Accessories,L,Cyan
361,Sneakers,Footwear,M,Orange
362,Jeans,Clothing,S,Silver
363,Gloves,Accessories,M,Peach
364,Hoodie,Clothing,XL,Teal
365,Sneakers,Footwear,L,White
366,Shorts,Clothing,M,Brown
367,Sweater,Clothing,L,Lavender
368,Jeans,Clothing,M,Indigo
369,Jacket,Outerwear,M,Yellow
370,Jewelry,Accessories,S,White
371,Backpack,Accessories,L,Violet
372,Coat,Outerwear,M,Lavender
373,Belt,Accessories,L,Olive
374,Sandals,Footwear,L,Beige
375,Sweater,Clothing,L,Purple
376,Shorts,Clothing,S,Teal
377,Socks,Clothing,S,Peach
378,Shirt,Clothing,M,Violet
379,Scarf,Accessories,L,Teal
380,Sweater,Clothing,M,Gold
381,Jeans,Clothing,S,Teal
382,Pants,Clothing,M,Violet
383,Coat,Outerwear,XL,Gold
384,Sandals,Footwear,M,Gold
385,Shirt,Clothing,M,Brown
386,Hat,Accessories,L,Cyan
387,Shirt,Clothing,S,Indigo
388,Skirt,Clothing,M,Orange
389,Shoes,Footwear,L,Pink
390,Coat,Outerwear,XL,Olive
391,Pants,Clothing,L,Cyan
392,Jewelry,Accessories,M,Peach
393,Belt,Accessories,M,Turquoise
394,Jacket,Outerwear,M,Turquoise
395,Shirt,Clothing,XL,Maroon
396,Sunglasses,Accessories,M,Magenta
397,Boots,Footwear,M,Olive
398,Shorts,Clothing,S,Turquoise
399,Gloves,Accessories,M,Yellow
400,Jewelry,Accessories,L,Peach
401,Boots,Footwear,L,Beige
402,Jewelry,Accessories,M,Pink
403,Jewelry,Accessories,XL,Peach
404,Blouse,Clothing,XL,Gold
405,Blouse,Clothing,S,Indigo
406,Gloves,Accessories,M,Blue
407,Shorts,Clothing,L,Black
408,Hat,Accessories,L,Black
409,Shoes,Footwear,L,Teal
410,Boots,Footwear,M,Yellow
411,Jacket,Outerwear,M,White
412,Jewelry,Accessories,S,Orange
413,Sunglasses,Accessories,M,Silver
414,Skirt,Clothing,M,Pink
415,Jeans,Clothing,L,Turquoise
416,Backpack,Accessories,S,Orange
417,Backpack,Accessories,S,Peach
418,Dress,Clothing,L,Teal
419,Scarf,Accessories,XL,White
420,Jeans,Clothing,L,Gray
421,Coat,Outerwear,L,Olive
422,Sweater,Clothing,XL,Maroon
423,Sneakers,Footwear,L,Magenta
424,Scarf,Accessories,M,Magenta
425,Sweater,Clothing,M,Green
426,Jewelry,Accessories,XL,Turquoise
427,Handbag,Accessories,L,Yellow
428,Hoodie,Clothing,M,Gray
429,Hat,Accessories,L,Peach
430,Belt,Accessories,M,Yellow
431,Hoodie,Clothing,M,White
432,Hat,Accessories,L,Lavender
433,Sandals,Footwear,M,Charcoal
434,Jacket,Outerwear,L,Red
435,Socks,Clothing,M,Green
436,Sneakers,Footwear,M,Silver
437,Coat,Outerwear,M,Silver
438,Shirt,Clothing,M,Black
439,Backpack,Accessories,XL,Red
440,Boots,Footwear,M,Indigo
441,Handbag,Accessories,XL,Cyan
442,Dress,Clothing,S,Maroon
443,Sneakers,Footwear,S,Silver
444,Shoes,Footwear,L,Silver
445,T-shirt,Clothing,L,Purple
446,Boots,Footwear,M,Cyan
447,Pants,Clothing,S,Cyan
448,Shoes,Footwear,M,Lavender
449,Shoes,Footwear,M,Maroon
450,T-shirt,Clothing,L,Gray
451,Shorts,Clothing,M,Magenta
452,Jewelry,Accessories,S,Yellow
453,T-shirt,Clothing,L,Cyan
454,Shirt,Clothing,M,Teal
455,Gloves,Accessories,L,Peach
456,Scarf,Accessories,M,Peach
457,Skirt,Clothing,S,Olive
458,Hat,Accessories,L,Charcoal
459,Hoodie,Clothing,L,Indigo
460,Boots,Footwear,L,Silver
461,Belt,Accessories,L,Blue
462,Shorts,Clothing,L,Gold
463,Sandals,Footwear,M,Orange
464,Shirt,Clothing,M,Gold
465,Coat,Outerwear,M,Cyan
466,Pants,Clothing,S,Red
467,T-shirt,Clothing,L,Yellow
468,Sneakers,Footwear,S,Beige
469,Shorts,Clothing,M,Orange
470,Coat,Outerwear,XL,Magenta
471,Sandals,Footwear,L,Purple
472,Sandals,Footwear,L,Pink
473,Gloves,Accessories,L,Pink
474,T-shirt,Clothing,L,Maroon
475,Jacket,Outerwear,S,Maroon
476,Blouse,Clothing,S,Turquoise
477,Socks,Clothing,XL,Green
478,Coat,Outerwear,M,Violet
479,Dress,Clothing,M,Lavender
480,Jacket,Outerwear,L,Gray
481,Boots,Footwear,XL,Teal
482,Skirt,Clothing,S,Red
483,Sandals,Footwear,S,Yellow
484,Coat,Outerwear,L,Magenta
485,Hoodie,Clothing,M,Brown
486,Jacket,Outerwear,M,Blue
487,Backpack,Accessories,S,Olive
488,Coat,Outerwear,XL,Green
489,T-shirt,Clothing,M,Peach
490,Sneakers,Footwear,M,Red
491,Gloves,Accessories,M,White
492,Coat,Outerwear,L,Indigo
493,Shirt,Clothing,M,White
494,Sneakers,Footwear,L,Teal
495,Scarf,Accessories,M,Indigo
496,Jewelry,Accessories,L,Red
497,Jeans,Clothing,M,Blue
498,Shoes,Footwear,M,Black
499,Hoodie,Clothing,M,Olive
500,Backpack,Accessories,L,Lavender
501,Sneakers,Footwear,M,Indigo
502,Blouse,Clothing,S,Red
503,Pants,Clothing,L,Red
504,T-shirt,Clothing,XL,Purple
505,Jacket,Outerwear,XL,Cyan
506,Scarf,Accessories,XL,Cyan
507,Sneakers,Footwear,L,Red
508,Hat,Accessories,M,Black
509,Skirt,Clothing,M,Black
510,Sandals,Footwear,M,Violet
511,Sweater,Clothing,XL,Charcoal
512,Jacket,Outerwear,L,Turquoise
513,Socks,Clothing,M,Gray
514,Hoodie,Clothing,S,Blue
515,Socks,Clothing,S,Maroon
516,Belt,Accessories,S,Turquoise
517,Backpack,Accessories,L,Olive
518,Boots,Footwear,M,Brown
519,Coat,Outerwear,S,Green
520,Hoodie,Clothing,S,Brown
521,Shoes,Footwear,XL,White
522,Jewelry,Accessories,L,Gold
523,Dress,Clothing,L,Green
524,Boots,Footwear,L,Teal
525,Hat,Accessories,M,Charcoal
526,Backpack,Accessories,M,Maroon
527,Shoes,Footwear,L,Lavender
528,Handbag,Accessories,L,Green
529,Sunglasses,Accessories,S,Pink
530,Hat,Accessories,XL,Charcoal
531,Hoodie,Clothing,L,Purple
532,Backpack,Accessories,S,Gold
533,Shorts,Clothing,M,Charcoal
534,Coat,Outerwear,L,Lavender
535,Jewelry,Accessories,M,Lavender
536,Sandals,Footwear,L,Olive
537,Gloves,Accessories,L,Teal
538,Jacket,Outerwear,L,Cyan
539,Sunglasses,Accessories,S,Red
540,Shoes,Footwear,M,White
541,Pants,Clothing,XL,Pink
542,Sandals,Footwear,L,Black
543,Sweater,Clothing,M,White
544,Shoes,Footwear,L,Beige
545,Jewelry,Accessories,S,Silver
546,Boots,Footwear,S,Violet
547,Backpack,Accessories,M,Red
548,Sneakers,Footwear,M,Teal
549,Handbag,Accessories,M,Indigo
550,Sandals,Footwear,S,Blue
551,Dress,Clothing,L,Olive
552,Skirt,Clothing,L,Red
553,Sweater,Clothing,XL,Green
554,Backpack,Accessories,S,Blue
555,Hoodie,Clothing,S,Purple
556,Boots,Footwear,XL,Pink
557,Blouse,Clothing,XL,Charcoal
558,Pants,Clothing,L,Orange
559,Gloves,Accessories,M,Magenta
560,Hat,Accessories,L,Yellow
561,Sunglasses,Accessories,M,Beige
562,Handbag,Accessories,L,Gray
563,Jeans,Clothing,M,Beige
564,Backpack,Accessories,S,White
565,Shorts,Clothing,S,Gold
566,Shirt,Clothing,XL,Green
567,Gloves,Accessories,L,Magenta
568,Pants,Clothing,M,Indigo
569,Hoodie,Clothing,L,Turquoise
570,Sunglasses,Accessories,S,Blue
571,T-shirt,Clothing,S,Turquoise
572,Jacket,Outerwear,M,Gray
573,Sweater,Clothing,XL,Purple
574,Jacket,Outerwear,L,Black
575,Socks,Clothing,M,Peach
576,Shirt,Clothing,M,Indigo
577,Jewelry,Accessories,XL,Beige
578,Sunglasses,Accessories,M,Yellow
579,Socks,Clothing,S,Turquoise
580,Blouse,Clothing,M,Teal
581,Sneakers,Footwear,M,Magenta
582,Shirt,Clothing,XL,Purple
583,Jacket,Outerwear,M,Brown
584,Sandals,Footwear,S,Violet
585,Hat,Accessories,M,Yellow
586,Blouse,Clothing,XL,Magenta
587,Sweater,Clothing,L,Beige
588,Gloves,Accessories,XL,Turquoise
589,Scarf,Accessories,S,Peach
590,Shorts,Clothing,XL,Red
591,Backpack,Accessories,L,Silver
592,Shorts,Clothing,L,Turquoise
593,Dress,Clothing,S,Charcoal
594,Shorts,Clothing,XL,Peach
595,Belt,Accessories,L,Green
596,Scarf,Accessories,XL,Brown
597,Pants,Clothing,L,Olive
598,Dress,Clothing,L,Pink
599,Hoodie,Clothing,S,Black
600,Pants,Clothing,XL,Indigo
601,Shirt,Clothing,L,Purple
602,Backpack,Accessories,L,Beige
603,Jacket,Outerwear,L,Charcoal
604,Scarf,Accessories,L,Turquoise
605,Boots,Footwear,M,Maroon
606,Blouse,Clothing,XL,Black
607,Hoodie,Clothing,M,Lavender
608,Jeans,Clothing,L,Green
609,Socks,Clothing,L,Green
610,Shirt,Clothing,M,Peach
611,Jewelry,Accessories,L,Orange
612,Blouse,Clothing,L,Silver
613,Sweater,Clothing,S,Blue
614,Jewelry,Accessories,L,Cyan
615,T-shirt,Clothing,XL,Green
616,Hat,Accessories,L,Silver
617,Sweater,Clothing,S,Gray
618,Jeans,Clothing,M,Pink
619,Sunglasses,Accessories,L,Beige
620,Coat,Outerwear,M,Red
621,Shirt,Clothing,L,Blue
622,Dress,Clothing,L,Cyan
623,Shirt,Clothing,S,Violet
624,Sunglasses,Accessories,M,Orange
625,Dress,Clothing,L,Maroon
626,Sunglasses,Accessories,M,Teal
627,Sunglasses,Accessories,L,Orange
628,Shorts,Clothing,S,Purple
629,Jeans,Clothing,M,Orange
630,T-shirt,Clothing,XL,Yellow
631,Sunglasses,Accessories,L,Gray
632,Boots,Footwear,S,Charcoal
633,Sandals,Footwear,M,Red
634,Hat,Accessories,L,Brown
635,Gloves,Accessories,L,Indigo
636,Scarf,Accessories,L,Yellow
637,Boots,Footwear,M,Teal
638,Belt,Accessories,S,Orange
639,Hoodie,Clothing,M,Red
640,Shoes,Footwear,L,Peach
641,Dress,Clothing,XL,Green
642,Gloves,Accessories,XL,Violet
643,Jewelry,Accessories,L,Yellow
644,Belt,Accessories,M,Pink
645,Sweater,Clothing,M,Brown
646,Skirt,Clothing,XL,Silver
647,Sneakers,Footwear,M,Pink
648,Gloves,Accessories,M,Cyan
649,Socks,Clothing,M,Silver
650,Sneakers,Footwear,M,Gray
651,Sweater,Clothing,L,Cyan
652,Jeans,Clothing,L,Teal
653,Hat,Accessories,L,Indigo
654,Handbag,Accessories,S,Gold
655,Socks,Clothing,XL,Silver
656,Socks,Clothing,M,Yellow
657,Dress,Clothing,M,Blue
658,Shoes,Footwear,M,Turquoise
659,Scarf,Accessories,L,Indigo
660,Hoodie,Clothing,M,Green
661,Handbag,Accessories,S,Green
662,Pants,Clothing,XL,Yellow
663,Sweater,Clothing,M,Indigo
664,Scarf,Accessories,S,Magenta
665,Sneakers,Footwear,M,Violet
666,Pants,Clothing,L,Maroon
667,Backpack,Accessories,XL,Yellow
668,Sandals,Footwear,M,Beige
669,Socks,Clothing,XL,Black
670,Socks,Clothing,M,Violet
671,Belt,Accessories,L,Brown
672,Socks,Clothing,S,Gold
673,Shorts,Clothing,L,Silver
674,Dress,Clothing,L,White
675,Jeans,Clothing,L,Charcoal
676,T-shirt,Clothing,S,Brown
677,Scarf,Accessories,S,Lavender
678,Sneakers,Footwear,M,Green
679,Handbag,Accessories,S,Olive
680,Shirt,Clothing,M,Pink
681,Hat,Accessories,L,Teal
682,Handbag,Accessories,S,Gray
683,Sunglasses,Accessories,S,Teal
684,Shirt,Clothing,L,Magenta
685,Sunglasses,Accessories,M,Green
686,Belt,Accessories,XL,Brown
687,Dress,Clothing,M,Purple
688,Shoes,Footwear,S,Green
689,Socks,Clothing,S,Silver
690,Shorts,Clothing,M,Maroon
691,Handbag,Accessories,M,Purple
692,Backpack,Accessories,M,Indigo
693,Boots,Footwear,L,Indigo
694,Hoodie,Clothing,L,Brown
695,Coat,Outerwear,M,Gray
696,Shirt,Clothing,L,Teal
697,Hoodie,Clothing,S,Beige
698,Boots,Footwear,M,Pink
699,Hoodie,Clothing,L,Blue
700,Sandals,Footwear,M,Lavender
701,Jeans,Clothing,S,Charcoal
702,Dress,Clothing,L,Yellow
703,Hat,Accessories,L,Orange
704,Pants,Clothing,L,Blue
705,Socks,Clothing,L,Gold
706,Jacket,Outerwear,L,Olive
707,Hoodie,Clothing,M,Teal
708,Skirt,Clothing,XL,Green
709,Coat,Outerwear,M,Charcoal
710,Sneakers,Footwear,M,Cyan
711,Blouse,Clothing,L,Charcoal
712,Sunglasses,Accessories,M,Lavender
713,Hat,Accessories,M,Silver
714,Hoodie,Clothing,M,Blue
715,Sandals,Footwear,L,Gray
716,Belt,Accessories,L,Gray
717,Sunglasses,Accessories,S,Black
718,Skirt,Clothing,S,Lavender
719,Backpack,Accessories,L,Red
720,Sandals,Footwear,M,Silver
721,Sneakers,Footwear,S,Gold
722,Skirt,Clothing,L,Yellow
723,Dress,Clothing,L,Purple
724,Shorts,Clothing,S,Brown
725,Handbag,Accessories,L,Turquoise
726,Scarf,Accessories,S,Gold
727,Belt,Accessories,S,Olive
728,Gloves,Accessories,S,Purple
729,Shorts,Clothing,L,Gray
730,Hat,Accessories,XL,Olive
731,Belt,Accessories,L,Red
732,Sweater,Clothing,M,Peach
733,Hat,Accessories,M,Beige
734,T-shirt,Clothing,L,Magenta
735,Dress,Clothing,S,Cyan
736,Pants,Clothing,M,Red
737,Belt,Accessories,L,Silver
738,Hoodie,Clothing,S,Pink
739,Jeans,Clothing,S,Blue
740,Sweater,Clothing,M,Maroon
741,Shirt,Clothing,L,Green
742,Belt,Accessories,XL,Gold
743,Socks,Clothing,XL,Beige
744,Jeans,Clothing,XL,Green
745,Sneakers,Footwear,L,Black
746,Dress,Clothing,XL,Yellow
747,Boots,Footwear,M,White
748,T-shirt,Clothing,L,Green
749,Skirt,Clothing,L,Blue
750,Jeans,Clothing,S,Yellow
751,Hoodie,Clothing,L,White
752,Shoes,Footwear,M,Pink
753,Blouse,Clothing,S,Teal
754,T-shirt,Clothing,L,Indigo
755,Belt,Accessories,S,Maroon
756,Handbag,Accessories,L,Black
757,Dress,Clothing,M,Cyan
758,Belt,Accessories,S,Gray
759,Coat,Outerwear,XL,Blue
760,Hat,Accessories,L,Olive
761,Jeans,Clothing,M,Olive
762,Backpack,Accessories,XL,Turquoise
763,Sunglasses,Accessories,S,Cyan
764,Hat,Accessories,S,Turquoise
765,Dress,Clothing,L,Lavender
766,Shirt,Clothing,XL,Cyan
767,Scarf,Accessories,XL,Violet
768,Sneakers,Footwear,XL,Beige
769,Skirt,Clothing,M,Cyan
770,Jewelry,Accessories,XL,Indigo
771,Boots,Footwear,L,Olive
772,Sunglasses,Accessories,L,Green
773,Boots,Footwear,L,Green
774,Boots,Footwear,L,Black
775,Dress,Clothing,M,Brown
776,Hoodie,Clothing,S,Silver
777,Coat,Outerwear,S,Pink
778,Sneakers,Footwear,L,Gold
779,Jacket,Outerwear,M,Teal
780,Skirt,Clothing,M,Beige
781,T-shirt,Clothing,M,Gray
782,Belt,Accessories,M,Black
783,Hat,Accessories,S,Brown
784,Boots,Footwear,S,Magenta
785,Coat,Outerwear,S,Red
786,Pants,Clothing,M,Orange
787,Shoes,Footwear,M,Beige
788,Sunglasses,Accessories,S,Yellow
789,Sandals,Footwear,M,Peach
790,Jewelry,Accessories,M,Magenta
791,Sandals,Footwear,L,Maroon
792,Pants,Clothing,M,Cyan
793,Socks,Clothing,L,Brown
794,Socks,Clothing,M,Red
795,Dress,Clothing,M,Orange
796,Backpack,Accessories,M,Gold
797,Pants,Clothing,S,Lavender
798,Scarf,Accessories,M,Pink
799,Jeans,Clothing,XL,Gray
800,Backpack,Accessories,L,Indigo
801,Sandals,Footwear,L,Teal
802,Belt,Accessories,XL,Green
803,Shoes,Footwear,M,Violet
804,Belt,Accessories,XL,Blue
805,Jacket,Outerwear,L,Orange
806,Dress,Clothing,XL,Charcoal
807,Shirt,Clothing,S,Beige
808,Coat,Outerwear,S,Lavender
809,Handbag,Accessories,M,Lavender
810,Sunglasses,Accessories,S,Turquoise
811,T-shirt,Clothing,M,Purple
812,Jewelry,Accessories,L,Teal
813,Hoodie,Clothing,S,Lavender
814,Gloves,Accessories,M,Purple
815,Coat,Outerwear,L,Blue
816,Sandals,Footwear,M,Teal
817,Pants,Clothing,S,Silver
818,Socks,Clothing,M,Olive
819,Blouse,Clothing,M,Brown
820,Handbag,Accessories,M,Yellow
821,Jewelry,Accessories,XL,Brown
822,Pants,Clothing,XL,Cyan
823,Jeans,Clothing,S,Magenta
824,Belt,Accessories,M,Maroon
825,Jeans,Clothing,M,Green
826,Sweater,Clothing,L,Black
827,Socks,Clothing,L,Yellow
828,Sunglasses,Accessories,S,Purple
829,Sneakers,Footwear,M,Beige
830,Socks,Clothing,M,Indigo
831,Shoes,Footwear,XL,Pink
832,Jacket,Outerwear,M,Orange
833,Jacket,Outerwear,M,Beige
834,Hat,Accessories,M,Violet
835,T-shirt,Clothing,XL,Blue
836,Dress,Clothing,S,Peach
837,Skirt,Clothing,XL,White
838,Scarf,Accessories,XL,Purple
839,Sunglasses,Accessories,L,Indigo
840,Coat,Outerwear,L,Charcoal
841,Jacket,Outerwear,M,Pink
842,Sweater,Clothing,M,Silver
843,Hat,Accessories,XL,Cyan
844,Backpack,Accessories,L,Teal
845,T-shirt,Clothing,S,Purple
846,Jeans,Clothing,S,White
847,Backpack,Accessories,M,Silver
848,Scarf,Accessories,M,Violet
849,Jewelry,Accessories,L,Magenta
850,Jewelry,Accessories,M,Black
851,Coat,Outerwear,S,Beige
852,Sunglasses,Accessories,M,Black
853,Handbag,Accessories,S,Turquoise
854,Pants,Clothing,L,Gold
855,Gloves,Accessories,XL,Silver
856,Hoodie,Clothing,S,Charcoal
857,T-shirt,Clothing,S,Olive
858,Skirt,Clothing,L,Violet
859,Sneakers,Footwear,M,Peach
860,Hoodie,Clothing,L,Violet
861,Hoodie,Clothing,L,Cyan
862,Hoodie,Clothing,XL,Pink
863,Hat,Accessories,S,Peach
864,Belt,Accessories,M,Purple
865,T-shirt,Clothing,XL,Peach
866,Handbag,Accessories,S,Charcoal
867,Hat,Accessories,S,Purple
868,Scarf,Accessories,L,Beige
869,Gloves,Accessories,L,Charcoal
870,Hoodie,Clothing,XL,White
871,Hoodie,Clothing,S,Teal
872,Shoes,Footwear,XL,Magenta
873,T-shirt,Clothing,M,Brown
874,Skirt,Clothing,L,Peach
875,Handbag,Accessories,S,Cyan
876,Shirt,Clothing,XL,Pink
877,Coat,Outerwear,L,Purple
878,Jeans,Clothing,M,White
879,Jeans,Clothing,S,Indigo
880,Hat,Accessories,XL,Red
881,Jewelry,Accessories,S,Red
882,Blouse,Clothing,M,Gray
883,Handbag,Accessories,M,Gold
884,T-shirt,Clothing,S,Red
885,Shoes,Footwear,M,Gold
886,Belt,Accessories,M,Charcoal
887,Belt,Accessories,L,Orange
888,Scarf,Accessories,S,Blue
889,Shorts,Clothing,S,Orange
890,Sandals,Footwear,M,Blue
891,Pants,Clothing,L,White
892,T-shirt,Clothing,M,Silver
893,Dress,Clothing,S,Lavender
894,Backpack,Accessories,S,Gray
895,Socks,Clothing,M,Lavender
896,Coat,Outerwear,L,Peach
897,Belt,Accessories,M,Beige
898,Dress,Clothing,M,Teal
899,T-shirt,Clothing,M,Blue
900,Skirt,Clothing,S,Beige
901,Shorts,Clothing,L,Teal
902,Jewelry,Accessories,M,Maroon
903,Pants,Clothing,M,Yellow
904,Jeans,Clothing,M,Magenta
905,Blouse,Clothing,M,Magenta
906,T-shirt,Clothing,L,Charcoal
907,Coat,Outerwear,M,Turquoise
908,Jacket,Outerwear,L,Pink
909,Sneakers,Footwear,L,Violet
910,Socks,Clothing,M,Brown
911,Sandals,Footwear,M,Indigo
912,Coat,Outerwear,XL,Black
913,Shoes,Footwear,XL,Black
914,Scarf,Accessories,S,Olive
915,Handbag,Accessories,M,Olive
916,Boots,Footwear,S,Red
917,Pants,Clothing,M,Blue
918,Shoes,Footwear,M,Yellow
919,Handbag,Accessories,XL,Black
920,Blouse,Clothing,L,Pink
921,Pants,Clothing,XL,Lavender
922,Boots,Footwear,XL,Cyan
923,Shorts,Clothing,M,Yellow
924,Gloves,Accessories,S,Turquoise
925,Blouse,Clothing,L,Yellow
926,Jacket,Outerwear,S,Yellow
927,Jewelry,Accessories,XL,Maroon
928,Socks,Clothing,M,Gold
929,Pants,Clothing,L,Beige
930,Sweater,Clothing,M,Red
931,Hat,Accessories,M,White
932,Scarf,Accessories,L,White
933,Blouse,Clothing,S,Pink
934,T-shirt,Clothing,M,Charcoal
935,Boots,Footwear,M,Peach
936,Jeans,Clothing,XL,Purple
937,Shorts,Clothing,XL,Orange
938,Sandals,Footwear,L,Magenta
939,Sandals,Footwear,XL,Red
940,Sneakers,Footwear,XL,Black
941,Hat,Accessories,M,Peach
942,Coat,Outerwear,S,Olive
943,Boots,Footwear,XL,Gold
944,Skirt,Clothing,M,Turquoise
945,Shirt,Clothing,L,Maroon
946,Boots,Footwear,L,Brown
947,Shirt,Clothing,M,Lavender
948,Blouse,Clothing,M,Peach
949,T-shirt,Clothing,S,Gray
950,Jacket,Outerwear,XL,Charcoal
951,Jewelry,Accessories,S,Gray
952,Hat,Accessories,M,Olive
953,Sweater,Clothing,S,Turquoise
954,Boots,Footwear,L,Turquoise
955,Blouse,Clothing,L,Green
956,Hoodie,Clothing,L,Charcoal
957,Shirt,Clothing,L,Violet
958,Dress,Clothing,M,Black
959,Gloves,Accessories,L,Yellow
960,Jeans,Clothing,XL,Blue
961,Jacket,Outerwear,M,Red
962,Skirt,Clothing,M,Indigo
963,Sandals,Footwear,S,Beige
964,Pants,Clothing,S,Indigo
965,Belt,Accessories,L,Teal
966,Sneakers,Footwear,M,Gold
967,Pants,Clothing,XL,Peach
968,Coat,Outerwear,L,Black
969,Dress,Clothing,L,Red
970,Blouse,Clothing,L,Lavender
971,Shorts,Clothing,L,Green
972,Belt,Accessories,S,Lavender
973,Hat,Accessories,XL,Teal
974,Backpack,Accessories,L,Gold
975,Shoes,Footwear,M,Indigo
976,Hoodie,Clothing,S,Gold
977,Pants,Clothing,M,Lavender
978,Coat,Outerwear,S,White
979,Sweater,Clothing,L,Silver
980,Belt,Accessories,M,Peach
981,Hoodie,Clothing,XL,Yellow
982,T-shirt,Clothing,S,Violet
983,Dress,Clothing,M,White
984,Belt,Accessories,XL,Purple
985,Coat,Outerwear,L,Maroon
986,Hat,Accessories,XL,Orange
987,Jacket,Outerwear,M,Cyan
988,Backpack,Accessories,S,Red
989,Scarf,Accessories,XL,Pink
990,Hoodie,Clothing,S,Cyan
991,Blouse,Clothing,L,Red
992,Handbag,Accessories,M,Magenta
993,Belt,Accessories,S,Black
994,Shirt,Clothing,L,Orange
995,Scarf,Accessories,L,Peach
996,Gloves,Accessories,L,Turquoise
997,Sunglasses,Accessories,L,Olive
998,Jacket,Outerwear,XL,Lavender
999,Shoes,Footwear,L,Green
1000,Jacket,Outerwear,L,Brown
1001,Blouse,Clothing,M,Gold
1002,Scarf,Accessories,L,Orange
1003,Hat,Accessories,M,Maroon
1004,Blouse,Clothing,S,White
1005,Sunglasses,Accessories,L,White
1006,Backpack,Accessories,M,Peach
1007,Shirt,Clothing,L,Turquoise
1008,Handbag,Accessories,XL,Charcoal
1009,Blouse,Clothing,M,Yellow
1010,Backpack,Accessories,M,Blue
1011,Hat,Accessories,M,Purple
1012,Skirt,Clothing,L,Green
1013,Socks,Clothing,M,Black
1014,Dress,Clothing,S,Gold
1015,Dress,Clothing,L,Charcoal
1016,Sandals,Footwear,S,Black
1017,Jacket,Outerwear,S,Indigo
1018,Blouse,Clothing,S,Green
1019,Skirt,Clothing,L,Gold
1020,Sandals,Footwear,S,Orange
1021,Hoodie,Clothing,L,Yellow
1022,Scarf,Accessories,XL,Black
1023,Boots,Footwear,XL,Orange
1024,Boots,Footwear,M,Magenta
1025,Sandals,Footwear,M,Pink
1026,Hoodie,Clothing,S,Violet
1027,Sweater,Clothing,L,Pink
1028,Belt,Accessories,M,Gold
1029,Jeans,Clothing,XL,Red
1030,Boots,Footwear,M,Black
1031,Socks,Clothing,L,Lavender
1032,Jacket,Outerwear,M,Maroon
1033,Boots,Footwear,S,Teal
1034,Sneakers,Footwear,L,Maroon
1035,Pants,Clothing,L,Silver
1036,Shirt,Clothing,S,Gray
1037,Shoes,Footwear,L,Yellow
1038,Boots,Footwear,L,Violet
1039,Sneakers,Footwear,S,Charcoal
1040,Shorts,Clothing,M,Green
1041,Jewelry,Accessories,XL,Olive
1042,Jewelry,Accessories,M,Purple
1043,Hat,Accessories,L,Turquoise
1044,Sweater,Clothing,S,Pink
1045,Hat,Accessories,M,Magenta
1046,Belt,Accessories,XL,Silver
1047,Jewelry,Accessories,M,Gold
1048,Skirt,Clothing,S,Gray
1049,Gloves,Accessories,S,Magenta
1050,Gloves,Accessories,L,Red
1051,Sneakers,Footwear,S,Yellow
1052,Hat,Accessories,L,Pink
1053,Shirt,Clothing,S,Black
1054,Belt,Accessories,S,Gold
1055,Jewelry,Accessories,M,Brown
1056,Jacket,Outerwear,S,Magenta
1057,Boots,Footwear,S,Olive
1058,Jeans,Clothing,L,Maroon
1059,Jeans,Clothing,XL,Silver
1060,Belt,Accessories,M,Teal
1061,Blouse,Clothing,L,Beige
1062,Dress,Clothing,XL,White
1063,Blouse,Clothing,XL,Gray
1064,Sneakers,Footwear,L,Silver
1065,Jeans,Clothing,S,Turquoise
1066,Jeans,Clothing,L,Indigo
1067,Gloves,Accessories,M,Violet
1068,Sunglasses,Accessories,L,Cyan
1069,Hat,Accessories,M,Brown
1070,Backpack,Accessories,M,White
1071,Socks,Clothing,L,Pink
1072,Backpack,Accessories,M,Lavender
1073,Backpack,Accessories,S,Violet
1074,Jacket,Outerwear,S,Silver
1075,Blouse,Clothing,M,Green
1076,Sandals,Footwear,S,Turquoise
1077,Shoes,Footwear,L,Black
1078,Shorts,Clothing,M,Red
1079,Handbag,Accessories,S,Indigo
1080,Sneakers,Footwear,XL,Purple
1081,Dress,Clothing,M,Silver
1082,Sneakers,Footwear,M,Black
1083,Blouse,Clothing,L,Purple
1084,Blouse,Clothing,M,Indigo
1085,Shorts,Clothing,S,Lavender
1086,Shorts,Clothing,S,Cyan
1087,Hoodie,Clothing,M,Gold
1088,Backpack,Accessories,L,Magenta
1089,Sunglasses,Accessories,XL,Teal
1090,Scarf,Accessories,M,Purple
1091,Sunglasses,Accessories,L,Peach
1092,Sneakers,Footwear,S,Green
1093,Backpack,Accessories,M,Turquoise
1094,Pants,Clothing,L,Brown
1095,Jewelry,Accessories,L,Silver
1096,Skirt,Clothing,L,White
1097,Skirt,Clothing,S,Magenta
1098,Shirt,Clothing,M,Turquoise
1099,Pants,Clothing,S,Maroon
1100,Jacket,Outerwear,M,Violet
1101,Scarf,Accessories,XL,Yellow
1102,Blouse,Clothing,S,Silver
1103,Sweater,Clothing,M,Charcoal
1104,Boots,Footwear,M,Purple
1105,Socks,Clothing,M,Beige
1106,Belt,Accessories,L,Cyan
1107,Jeans,Clothing,S,Pink
1108,Shoes,Footwear,M,Cyan
1109,Backpack,Accessories,S,Magenta
1110,Jewelry,Accessories,S,Pink
1111,Hat,Accessories,XL,Maroon
1112,Boots,Footwear,S,Yellow
1113,Shirt,Clothing,XL,Red
1114,Sunglasses,Accessories,S,Charcoal
1115,Belt,Accessories,M,Lavender
1116,T-shirt,Clothing,S,White
1117,Shorts,Clothing,S,Gray
1118,Sandals,Footwear,XL,Cyan
1119,Jewelry,Accessories,S,Black
1120,Scarf,Accessories,L,Gray
1121,Backpack,Accessories,M,Cyan
1122,Skirt,Clothing,L,Beige
1123,Sweater,Clothing,L,Violet
1124,Gloves,Accessories,S,White
1125,Coat,Outerwear,S,Orange
1126,Sunglasses,Accessories,L,Violet
1127,Dress,Clothing,M,Peach
1128,Jacket,Outerwear,M,Black
1129,Gloves,Accessories,L,Blue
1130,Scarf,Accessories,L,Pink
1131,Scarf,Accessories,L,Green
1132,Handbag,Accessories,S,Silver
1133,Pants,Clothing,M,Gray
1134,Coat,Outerwear,M,Blue
1135,Sweater,Clothing,L,Gold
1136,Blouse,Clothing,L,Brown
1137,Skirt,Clothing,L,Turquoise
1138,Gloves,Accessories,M,Black
1139,Gloves,Accessories,S,Beige
1140,Shirt,Clothing,XL,Gold
1141,Skirt,Clothing,M,Blue
1142,Handbag,Accessories,L,Brown
1143,Boots,Footwear,L,Gold
1144,Blouse,Clothing,M,Violet
1145,Coat,Outerwear,M,Peach
1146,Pants,Clothing,S,Magenta
1147,Shoes,Footwear,M,Olive
1148,Sneakers,Footwear,L,Green
1149,Blouse,Clothing,M,Pink
1150,Handbag,Accessories,S,Peach
1151,Coat,Outerwear,M,Black
1152,Shoes,Footwear,L,Blue
1153,Jacket,Outerwear,XL,Olive
1154,Shirt,Clothing,L,Lavender
1155,Belt,Accessories,XL,Turquoise
1156,Hoodie,Clothing,L,Black
1157,Handbag,Accessories,XL,Blue
1158,Sneakers,Footwear,M,Lavender
1159,Sunglasses,Accessories,M,Brown
1160,Shorts,Clothing,L,Maroon
1161,Pants,Clothing,XL,Orange
1162,T-shirt,Clothing,S,Beige
1163,Dress,Clothing,XL,Gray
1164,Hoodie,Clothing,L,Orange
1165,T-shirt,Clothing,L,Pink
1166,Shorts,Clothing,S,Beige
1167,Jewelry,Accessories,S,Magenta
1168,Scarf,Accessories,XL,Gold
1169,Shoes,Footwear,S,Teal
1170,Blouse,Clothing,S,Violet
1171,Jeans,Clothing,L,Black
1172,Shirt,Clothing,S,Silver
1173,Belt,Accessories,S,Charcoal
1174,Blouse,Clothing,L,Black
1175,Jeans,Clothing,L,Brown
1176,Handbag,Accessories,M,Green
1177,Pants,Clothing,L,Charcoal
1178,Pants,Clothing,XL,Teal
1179,Sandals,Footwear,XL,White
1180,Skirt,Clothing,XL,Brown
1181,Sunglasses,Accessories,L,Teal
1182,Skirt,Clothing,L,Teal
1183,Boots,Footwear,L,Blue
1184,Dress,Clothing,S,Beige
1185,Jewelry,Accessories,S,Cyan
1186,Sweater,Clothing,L,Green
1187,Skirt,Clothing,XL,Peach
1188,Hoodie,Clothing,S,Green
1189,Sandals,Footwear,M,Brown
1190,Sweater,Clothing,S,Cyan
1191,Backpack,Accessories,M,Pink
1192,Shirt,Clothing,XL,Turquoise
1193,Sweater,Clothing,M,Lavender
1194,Sneakers,Footwear,L,Purple
1195,Belt,Accessories,M,Red
1196,T-shirt,Clothing,M,Pink
1197,Handbag,Accessories,L,Lavender
1198,Backpack,Accessories,L,Yellow
1199,Gloves,Accessories,S,Peach
1200,Blouse,Clothing,L,Peach
1201,Gloves,Accessories,S,Violet
1202,Jeans,Clothing,S,Purple
1203,Hat,Accessories,S,White
1204,Jeans,Clothing,S,Violet
1205,Skirt,Clothing,S,Brown
1206,Belt,Accessories,L,Maroon
1207,Dress,Clothing,L,Magenta
1208,Coat,Outerwear,XL,Indigo
1209,Sweater,Clothing,M,Turquoise
1210,Sneakers,Footwear,S,Gray
1211,Sweater,Clothing,L,Peach
1212,T-shirt,Clothing,L,Gold
1213,Boots,Footwear,S,Blue
1214,Shoes,Footwear,L,White
1215,Shirt,Clothing,S,Cyan
1216,Pants,Clothing,XL,Magenta
1217,T-shirt,Clothing,M,Turquoise
1218,T-shirt,Clothing,S,Pink
1219,Sunglasses,Accessories,M,Blue
1220,Jewelry,Accessories,M,Blue
1221,Jewelry,Accessories,M,Yellow
1222,Scarf,Accessories,M,Lavender
1223,Socks,Clothing,L,Blue
1224,Handbag,Accessories,M,Black
1225,Jacket,Outerwear,M,Charcoal
1226,Scarf,Accessories,M,Yellow
1227,Gloves,Accessories,S,Black
1228,Sweater,Clothing,XL,Violet
1229,Blouse,Clothing,XL,Olive
1230,Belt,Accessories,L,Beige
1231,Sneakers,Footwear,S,Peach
1232,Sandals,Footwear,L,Orange
1233,Backpack,Accessories,S,Cyan
1234,T-shirt,Clothing,XL,Gold
1235,Skirt,Clothing,M,Brown
1236,Blouse,Clothing,L,Violet
1237,Jeans,Clothing,XL,Violet
1238,Sweater,Clothing,XL,Red
1239,Pants,Clothing,L,Purple
1240,Socks,Clothing,L,Magenta
1241,Shorts,Clothing,S,Pink
1242,Jewelry,Accessories,S,Maroon
1243,Gloves,Accessories,L,Beige
1244,Hoodie,Clothing,XL,Gold
1245,Hoodie,Clothing,XL,Turquoise
1246,Jewelry,Accessories,M,Gray
1247,Hoodie,Clothing,M,Purple
1248,Pants,Clothing,L,Magenta
1249,Jewelry,Accessories,S,Blue
1250,Pants,Clothing,M,Gold
1251,T-shirt,Clothing,S,Silver
1252,Backpack,Accessories,M,Green
1253,Skirt,Clothing,L,Orange
1254,Scarf,Accessories,XL,Charcoal
1255,Sweater,Clothing,S,Charcoal
1256,Backpack,Accessories,M,Magenta
1257,Skirt,Clothing,S,Purple
1258,Blouse,Clothing,M,Purple
1259,Pants,Clothing,M,Pink
1260,Sunglasses,Accessories,S,Lavender
1261,Pants,Clothing,L,Turquoise
1262,Sandals,Footwear,L,Violet
1263,Jacket,Outerwear,L,Gold
1264,Blouse,Clothing,XL,Violet
1265,Jewelry,Accessories,S,Teal
1266,Jeans,Clothing,L,Blue
1267,Shoes,Footwear,XL,Peach
1268,T-shirt,Clothing,L,Brown
1269,Dress,Clothing,L,Gray
1270,Backpack,Accessories,L,Blue
1271,Gloves,Accessories,L,Gold
1272,Gloves,Accessories,M,Pink
1273,Socks,Clothing,M,Pink
1274,Shorts,Clothing,M,Gray
1275,Jeans,Clothing,L,Red
1276,Jacket,Outerwear,XL,Purple
1277,Shirt,Clothing,S,Blue
1278,Hat,Accessories,XL,Indigo
1279,Skirt,Clothing,XL,Red
1280,Sunglasses,Accessories,L,Magenta
1281,Sandals,Footwear,M,Green
1282,Gloves,Accessories,M,Gold
1283,Belt,Accessories,XL,White
1284,Jewelry,Accessories,S,Charcoal
1285,Backpack,Accessories,L,White
1286,Sneakers,Footwear,M,Brown
1287,Hoodie,Clothing,L,Gold
1288,Blouse,Clothing,S,Purple
1289,Sneakers,Footwear,L,Indigo
1290,Socks,Clothing,L,Indigo
1291,Shirt,Clothing,M,Red
1292,Sneakers,Footwear,S,Blue
1293,Sandals,Footwear,M,Cyan
1294,Scarf,Accessories,S,Pink
1295,Belt,Accessories,S,Pink
1296,Shoes,Footwear,S,Violet
1297,Socks,Clothing,S,Green
1298,Shirt,Clothing,S,Red
1299,Socks,Clothing,S,Teal
1300,Socks,Clothing,L,Silver
1301,Shoes,Footwear,S,Gold
1302,Sunglasses,Accessories,S,Green
1303,Socks,Clothing,L,Charcoal
1304,Jeans,Clothing,L,Olive
1305,Shorts,Clothing,M,Peach
1306,T-shirt,Clothing,S,Yellow
1307,Blouse,Clothing,S,Lavender
1308,Belt,Accessories,S,Green
1309,Blouse,Clothing,L,Orange
1310,T-shirt,Clothing,M,Olive
1311,Jewelry,Accessories,XL,Gray
1312,Jacket,Outerwear,S,Lavender
1313,Shoes,Footwear,M,Red
1314,Jeans,Clothing,L,Orange
1315,Pants,Clothing,M,Maroon
1316,Jewelry,Accessories,M,Silver
1317,Sneakers,Footwear,XL,Pink
1318,T-shirt,Clothing,L,Black
1319,Sweater,Clothing,XL,Gold
1320,Handbag,Accessories,M,Silver
1321,Shorts,Clothing,XL,Beige
1322,Sweater,Clothing,S,Magenta
1323,Shorts,Clothing,M,Cyan
1324,Sneakers,Footwear,M,Blue
1325,Pants,Clothing,XL,Beige
1326,Jewelry,Accessories,XL,Black
1327,Jewelry,Accessories,XL,Red
1328,Gloves,Accessories,S,Indigo
1329,Coat,Outerwear,S,Cyan
1330,Jeans,Clothing,M,Yellow
1331,Blouse,Clothing,S,Brown
1332,Jeans,Clothing,M,Teal
1333,Dress,Clothing,L,Beige
1334,Hat,Accessories,M,Blue
1335,Jeans,Clothing,XL,Beige
1336,Dress,Clothing,M,Maroon
1337,Dress,Clothing,L,Blue
1338,Sneakers,Footwear,S,Cyan
1339,Shirt,Clothing,M,Blue
1340,Hoodie,Clothing,XL,Beige
1341,Socks,Clothing,L,Cyan
1342,Sunglasses,Accessories,XL,Pink
1343,Shirt,Clothing,M,Magenta
1344,Scarf,Accessories,S,Red
1345,Coat,Outerwear,L,Cyan
1346,Skirt,Clothing,M,Magenta
1347,Sandals,Footwear,XL,Maroon
1348,Sunglasses,Accessories,M,Red
1349,Socks,Clothing,XL,Purple
1350,Boots,Footwear,M,Red
1351,Handbag,Accessories,M,Brown
1352,Shoes,Footwear,L,Orange
1353,Skirt,Clothing,S,White
1354,Sunglasses,Accessories,XL,White
1355,Skirt,Clothing,S,Charcoal
1356,T-shirt,Clothing,XL,Turquoise
1357,Shorts,Clothing,L,Magenta
1358,Gloves,Accessories,XL,Olive
1359,Shorts,Clothing,S,Black
1360,Shoes,Footwear,L,Gray
1361,Jacket,Outerwear,S,Purple
1362,Gloves,Accessories,S,Cyan
1363,Belt,Accessories,S,Red
1364,Gloves,Accessories,XL,Green
1365,Sandals,Footwear,XL,Teal
1366,Blouse,Clothing,XL,Brown
1367,Blouse,Clothing,S,Maroon
1368,Jeans,Clothing,M,Brown
1369,Dress,Clothing,M,Gray
1370,Scarf,Accessories,M,Maroon
1371,Pants,Clothing,L,Peach
1372,Dress,Clothing,M,Indigo
1373,Jeans,Clothing,S,Lavender
1374,Sandals,Footwear,XL,Beige
1375,Pants,Clothing,M,Brown
1376,Belt,Accessories,L,Gold
1377,Pants,Clothing,XL,Silver
1378,Belt,Accessories,XL,Beige
1379,Sandals,Footwear,M,Gray
1380,Scarf,Accessories,S,Gray
1381,Pants,Clothing,M,Silver
1382,Sneakers,Footwear,S,Teal
1383,T-shirt,Clothing,M,Yellow
1384,Sneakers,Footwear,L,Beige
1385,Jewelry,Accessories,L,Indigo
1386,Jacket,Outerwear,M,Purple
1387,Shorts,Clothing,M,Gold
1388,Socks,Clothing,L,Gray
1389,Gloves,Accessories,XL,Indigo
1390,Shoes,Footwear,L,Gold
1391,Shoes,Footwear,S,Maroon
1392,Skirt,Clothing,L,Olive
1393,Scarf,Accessories,XL,Green
1394,Coat,Outerwear,XL,Yellow
1395,Gloves,Accessories,S,Blue
1396,Sweater,Clothing,L,Charcoal
1397,Skirt,Clothing,M,Yellow
1398,Dress,Clothing,L,Turquoise
1399,Gloves,Accessories,M,Maroon
1400,Hoodie,Clothing,XL,Maroon
1401,Sneakers,Footwear,S,Red
1402,Handbag,Accessories,S,Black
1403,Belt,Accessories,L,Pink
1404,Jewelry,Accessories,M,Orange
1405,Boots,Footwear,L,Magenta
1406,Coat,Outerwear,M,Indigo
1407,Hat,Accessories,L,Beige
1408,Socks,Clothing,M,Orange
1409,Handbag,Accessories,L,Cyan
1410,Coat,Outerwear,XL,Lavender
1411,Sunglasses,Accessories,S,Beige
1412,Hoodie,Clothing,L,Silver
1413,Gloves,Accessories,L,Silver
1414,Handbag,Accessories,XL,Brown
1415,Sandals,Footwear,XL,Turquoise
1416,Gloves,Accessories,L,White
1417,Coat,Outerwear,L,Brown
1418,Boots,Footwear,M,Charcoal
1419,Backpack,Accessories,L,Orange
1420,Scarf,Accessories,XL,Olive
1421,Shirt,Clothing,M,Beige
1422,Belt,Accessories,M,Green
1423,Skirt,Clothing,M,Olive
1424,Sandals,Footwear,XL,Lavender
1425,T-shirt,Clothing,S,Orange
1426,Shoes,Footwear,M,Orange
1427,Blouse,Clothing,M,Orange
1428,Shirt,Clothing,L,Cyan
1429,Scarf,Accessories,M,Gray
1430,Socks,Clothing,XL,Pink
1431,Sunglasses,Accessories,L,Maroon
1432,Socks,Clothing,M,Charcoal
1433,Boots,Footwear,XL,Silver
1434,Backpack,Accessories,L,Peach
1435,Gloves,Accessories,XL,Cyan
1436,Blouse,Clothing,L,Magenta
1437,Scarf,Accessories,M,Brown
1438,Hat,Accessories,M,Gold
1439,Shirt,Clothing,XL,Yellow
1440,Sandals,Footwear,L,Peach
1441,Sunglasses,Accessories,L,Black
1442,Sunglasses,Accessories,M,Peach
1443,Shorts,Clothing,M,Beige
1444,Hoodie,Clothing,M,Cyan
1445,Shorts,Clothing,XL,Violet
1446,Sweater,Clothing,M,Blue
1447,Jacket,Outerwear,S,Green
1448,Sneakers,Footwear,XL,Maroon
1449,Jacket,Outerwear,XL,White
1450,Hoodie,Clothing,S,Olive
1451,Jacket,Outerwear,M,Peach
1452,Gloves,Accessories,M,Brown
1453,Sneakers,Footwear,S,Black
1454,Sneakers,Footwear,XL,Magenta
1455,Handbag,Accessories,M,Maroon
1456,Shirt,Clothing,L,Peach
1457,Hat,Accessories,S,Violet
1458,Coat,Outerwear,S,Violet
1459,T-shirt,Clothing,M,Magenta
1460,Socks,Clothing,M,Purple
1461,Sweater,Clothing,XL,Cyan
1462,Belt,Accessories,L,Lavender
1463,T-shirt,Clothing,L,Turquoise
1464,Scarf,Accessories,L,Red
1465,Blouse,Clothing,XL,Indigo
1466,Skirt,Clothing,L,Cyan
1467,Sandals,Footwear,M,Yellow
1468,Blouse,Clothing,XL,Pink
1469,Dress,Clothing,S,Olive
1470,Socks,Clothing,XL,Maroon
1471,Belt,Accessories,XL,Cyan
1472,Skirt,Clothing,S,Teal
1473,Coat,Outerwear,M,Green
1474,Sunglasses,Accessories,S,Silver
1475,Shoes,Footwear,S,Peach
1476,Backpack,Accessories,XL,Orange
1477,Backpack,Accessories,M,Violet
1478,Skirt,Clothing,L,Pink
1479,Shorts,Clothing,M,Turquoise
1480,Handbag,Accessories,M,Cyan
1481,Dress,Clothing,XL,Orange
1482,Jacket,Outerwear,L,Purple
1483,Handbag,Accessories,L,Teal
1484,Shorts,Clothing,XL,Brown
1485,Boots,Footwear,XL,Blue
1486,Jacket,Outerwear,L,Magenta
1487,Coat,Outerwear,M,Purple
1488,Shorts,Clothing,S,Peach
1489,Jewelry,Accessories,S,Peach
1490,Skirt,Clothing,S,Cyan
1491,Socks,Clothing,S,Charcoal
1492,Sunglasses,Accessories,XL,Red
1493,Coat,Outerwear,S,Purple
1494,Jewelry,Accessories,M,White
1495,Shoes,Footwear,L,Olive
1496,Boots,Footwear,L,Gray
1497,Backpack,Accessories,L,Pink
1498,Boots,Footwear,XL,Peach
1499,T-shirt,Clothing,XL,Magenta
1500,Shorts,Clothing,XL,Yellow
1501,Backpack,Accessories,XL,Gray
1502,Socks,Clothing,S,Indigo
1503,Sunglasses,Accessories,XL,Gold
1504,Sneakers,Footwear,XL,Olive
1505,Blouse,Clothing,M,Silver
1506,T-shirt,Clothing,M,Red
1507,Shorts,Clothing,M,Silver
1508,Socks,Clothing,L,Black
1509,Dress,Clothing,M,Gold
1510,Dress,Clothing,S,Indigo
1511,Jeans,Clothing,M,Lavender
1512,Coat,Outerwear,L,Yellow
1513,Jacket,Outerwear,S,Olive
1514,Blouse,Clothing,XL,Maroon
1515,Shirt,Clothing,L,Black
1516,Jewelry,Accessories,XL,Teal
1517,Backpack,Accessories,XL,Olive
1518,Belt,Accessories,M,Gray
1519,Shoes,Footwear,XL,Teal
1520,Jeans,Clothing,M,Violet
1521,Jacket,Outerwear,L,Maroon
1522,Sandals,Footwear,XL,Purple
1523,Shorts,Clothing,S,Maroon
1524,Pants,Clothing,L,Indigo
1525,Backpack,Accessories,M,Yellow
1526,Jacket,Outerwear,XL,Silver
1527,Shirt,Clothing,L,Silver
1528,Skirt,Clothing,S,Pink
1529,Skirt,Clothing,S,Violet
1530,Hoodie,Clothing,XL,Peach
1531,Pants,Clothing,M,Magenta
1532,Sunglasses,Accessories,XL,Olive
1533,Belt,Accessories,L,Peach
1534,T-shirt,Clothing,S,Lavender
1535,Socks,Clothing,L,Maroon
1536,Sunglasses,Accessories,M,Gray
1537,Handbag,Accessories,XL,Indigo
1538,Boots,Footwear,XL,Olive
1539,T-shirt,Clothing,L,Red
1540,Sandals,Footwear,S,Brown
1541,Boots,Footwear,M,Orange
1542,Sandals,Footwear,XL,Gray
1543,Hat,Accessories,S,Charcoal
1544,Shorts,Clothing,L,Olive
1545,Boots,Footwear,M,Gray
1546,Handbag,Accessories,XL,Turquoise
1547,Sneakers,Footwear,XL,Violet
1548,Boots,Footwear,L,Lavender
1549,Hat,Accessories,M,Orange
1550,Hoodie,Clothing,M,Magenta
1551,T-shirt,Clothing,XL,Olive
1552,Jacket,Outerwear,S,Turquoise
1553,Sunglasses,Accessories,L,Red
1554,Coat,Outerwear,M,Magenta
1555,Sweater,Clothing,S,Olive
1556,Hoodie,Clothing,S,Peach
1557,Sandals,Footwear,S,Teal
1558,Shoes,Footwear,XL,Brown
1559,Shirt,Clothing,L,Charcoal
1560,Gloves,Accessories,M,Teal
1561,Socks,Clothing,L,Orange
1562,Jewelry,Accessories,S,Indigo
1563,Shirt,Clothing,XL,Blue
1564,Belt,Accessories,S,Beige
1565,Sweater,Clothing,S,Peach
1566,Gloves,Accessories,M,Beige
1567,Sunglasses,Accessories,L,Gold
1568,Hat,Accessories,XL,Brown
1569,Sneakers,Footwear,M,Purple
1570,Sweater,Clothing,XL,White
1571,Jacket,Outerwear,S,Beige
1572,Boots,Footwear,L,Yellow
1573,Socks,Clothing,L,Red
1574,Sunglasses,Accessories,L,Blue
1575,Skirt,Clothing,M,Silver
1576,Handbag,Accessories,M,Violet
1577,Shorts,Clothing,L,Violet
1578,Boots,Footwear,M,Silver
1579,Jacket,Outerwear,M,Gold
1580,Jewelry,Accessories,M,Green
1581,Hoodie,Clothing,XL,Red
1582,Coat,Outerwear,L,Red
1583,Shorts,Clothing,XL,Teal
1584,Jeans,Clothing,M,Purple
1585,Hoodie,Clothing,XL,Magenta
1586,Shirt,Clothing,S,Maroon
1587,Jacket,Outerwear,M,Indigo
1588,Shoes,Footwear,M,Brown
1589,Dress,Clothing,XL,Magenta
1590,Hat,Accessories,M,Indigo
1591,Jewelry,Accessories,L,Charcoal
1592,Blouse,Clothing,L,Teal
1593,Boots,Footwear,S,Maroon
1594,Jewelry,Accessories,L,Olive
1595,Blouse,Clothing,XL,Turquoise
1596,Blouse,Clothing,L,Gold
1597,Hat,Accessories,L,Blue
1598,Sandals,Footwear,L,Blue
1599,Hoodie,Clothing,L,Green
1600,Jewelry,Accessories,S,Brown
1601,Sneakers,Footwear,XL,Peach
1602,Boots,Footwear,M,Gold
1603,Blouse,Clothing,L,Olive
1604,Boots,Footwear,S,Orange
1605,Scarf,Accessories,S,Teal
1606,Sunglasses,Accessories,XL,Lavender
1607,Socks,Clothing,XL,Orange
1608,Sweater,Clothing,M,Yellow
1609,Shirt,Clothing,M,Cyan
1610,Shirt,Clothing,XL,White
1611,Sunglasses,Accessories,XL,Brown
1612,Shirt,Clothing,L,Indigo
1613,Socks,Clothing,XL,White
1614,Sneakers,Footwear,XL,Gray
1615,Skirt,Clothing,M,White
1616,Sunglasses,Accessories,M,Violet
1617,Skirt,Clothing,L,Purple
1618,Sneakers,Footwear,XL,Cyan
1619,Scarf,Accessories,L,Maroon
1620,Handbag,Accessories,L,Maroon
1621,Pants,Clothing,L,Pink
1622,Boots,Footwear,L,Orange
1623,Belt,Accessories,S,Blue
1624,Boots,Footwear,M,Blue
1625,Scarf,Accessories,XL,Lavender
1626,Belt,Accessories,S,Teal
1627,Socks,Clothing,S,Pink
1628,Belt,Accessories,XL,Teal
1629,Jacket,Outerwear,L,Indigo
1630,Sweater,Clothing,S,White
1631,Sweater,Clothing,S,Yellow
1632,Skirt,Clothing,M,Lavender
1633,Belt,Accessories,M,Violet
1634,Belt,Accessories,S,Brown
1635,Backpack,Accessories,M,Brown
1636,Shoes,Footwear,XL,Green
1637,Backpack,Accessories,XL,Green
1638,Boots,Footwear,L,Peach
1639,Belt,Accessories,L,Charcoal
1640,Blouse,Clothing,L,Blue
1641,Coat,Outerwear,L,Turquoise
1642,Belt,Accessories,S,Peach
1643,Handbag,Accessories,L,Red
1644,Shoes,Footwear,XL,Olive
1645,Handbag,Accessories,S,Orange
1646,Coat,Outerwear,S,Charcoal
1647,T-shirt,Clothing,L,Olive
1648,Backpack,Accessories,L,Green
1649,Sunglasses,Accessories,L,Brown
1650,Shoes,Footwear,XL,Red
1651,Sweater,Clothing,L,Turquoise
1652,Boots,Footwear,L,Maroon
1653,Handbag,Accessories,M,Blue
1654,Sweater,Clothing,S,Red
1655,Pants,Clothing,S,Purple
1656,Scarf,Accessories,S,Indigo
1657,Shirt,Clothing,M,Charcoal
1658,Sunglasses,Accessories,L,Silver
1659,Hat,Accessories,S,Beige
1660,Hat,Accessories,L,Purple
1661,Shirt,Clothing,S,Peach
1662,Belt,Accessories,XL,Indigo
1663,Sandals,Footwear,XL,Silver
1664,Handbag,Accessories,XL,Red
1665,Gloves,Accessories,XL,Peach
1666,Sunglasses,Accessories,S,Peach
1667,Handbag,Accessories,XL,Purple
1668,Shirt,Clothing,S,Yellow
1669,Sweater,Clothing,M,Pink
1670,Shorts,Clothing,L,Purple
1671,Pants,Clothing,XL,Turquoise
1672,Dress,Clothing,L,Silver
1673,Sunglasses,Accessories,XL,Charcoal
1674,Socks,Clothing,M,Maroon
1675,Blouse,Clothing,L,Indigo
1676,Boots,Footwear,M,Beige
1677,Handbag,Accessories,XL,Pink
1678,Socks,Clothing,M,Magenta
1679,Sunglasses,Accessories,S,Maroon
1680,Sneakers,Footwear,XL,Teal
1681,Sweater,Clothing,M,Black
1682,T-shirt,Clothing,S,Teal
1683,Sandals,Footwear,L,Brown
1684,Shorts,Clothing,M,Black
1685,Coat,Outerwear,S,Gray
1686,Socks,Clothing,XL,Magenta
1687,Pants,Clothing,XL,Green
1688,Handbag,Accessories,XL,White
1689,Pants,Clothing,XL,Charcoal
1690,Blouse,Clothing,XL,Beige
1691,Handbag,Accessories,XL,Orange
1692,Hat,Accessories,XL,Black
1693,Hat,Accessories,XL,Pink
1694,Blouse,Clothing,XL,Silver
1695,Sweater,Clothing,XL,Orange
1696,Sunglasses,Accessories,M,Pink
1697,T-shirt,Clothing,XL,Maroon
1698,Shorts,Clothing,XL,Green
1699,Handbag,Accessories,M,Turquoise
1700,Jeans,Clothing,M,Black
1701,Shoes,Footwear,XL,Cyan
1702,Jeans,Clothing,M,Silver
1703,Hoodie,Clothing,S,Turquoise
1704,Boots,Footwear,XL,Yellow
1705,Shirt,Clothing,M,Yellow
1706,Coat,Outerwear,M,Pink
1707,Hoodie,Clothing,L,Maroon
1708,Pants,Clothing,S,Pink
1709,Socks,Clothing,S,Red
1710,Scarf,Accessories,XL,Blue
1711,Pants,Clothing,XL,Black
1712,Jeans,Clothing,L,Pink
1713,Hoodie,Clothing,M,Black
1714,Gloves,Accessories,L,Olive
1715,Dress,Clothing,S,Purple
1716,Sandals,Footwear,M,Magenta
1717,Gloves,Accessories,XL,Black
1718,Coat,Outerwear,L,Beige
1719,Pants,Clothing,S,Orange
1720,Handbag,Accessories,L,Magenta
1721,Skirt,Clothing,M,Violet
1722,Pants,Clothing,S,Green
1723,Boots,Footwear,S,Purple
1724,Coat,Outerwear,S,Yellow
1725,Shorts,Clothing,M,Pink
1726,Shirt,Clothing,L,Pink
1727,Handbag,Accessories,S,Lavender
1728,Jewelry,Accessories,L,Violet
1729,Socks,Clothing,S,Purple
1730,Sunglasses,Accessories,S,Indigo
1731,Sweater,Clothing,S,Orange
1732,Shirt,Clothing,XL,Brown
1733,Sweater,Clothing,XL,Teal
1734,Dress,Clothing,L,Black
1735,Shorts,Clothing,XL,Gray
1736,Handbag,Accessories,S,Violet
1737,Shirt,Clothing,L,Olive
1738,Sneakers,Footwear,S,Orange
1739,Boots,Footwear,S,White
1740,Shorts,Clothing,M,White
1741,Blouse,Clothing,S,Charcoal
1742,T-shirt,Clothing,S,Maroon
1743,Shoes,Footwear,XL,Violet
1744,Shoes,Footwear,M,Gray
1745,Shoes,Footwear,S,White
1746,Jewelry,Accessories,S,Green
1747,Blouse,Clothing,M,Olive
1748,Socks,Clothing,XL,Charcoal
1749,Scarf,Accessories,L,Magenta
1750,T-shirt,Clothing,M,Cyan
1751,Shoes,Footwear,S,Orange
1752,Gloves,Accessories,L,Black
1753,Socks,Clothing,XL,Violet
1754,Gloves,Accessories,S,Brown
1755,Jeans,Clothing,S,Orange
1756,Scarf,Accessories,S,Silver
1757,Sandals,Footwear,M,Olive
1758,Dress,Clothing,XL,Teal
1759,Socks,Clothing,M,Cyan
1760,Belt,Accessories,S,Yellow
1761,Hoodie,Clothing,M,Yellow
1762,Sweater,Clothing,S,Violet
1763,Sandals,Footwear,M,Black
1764,Scarf,Accessories,L,Charcoal
1765,Hoodie,Clothing,XL,Purple
1766,Jacket,Outerwear,XL,Green
1767,Gloves,Accessories,L,Maroon
1768,Sneakers,Footwear,XL,Silver
1769,Hat,Accessories,XL,Peach
1770,T-shirt,Clothing,L,Lavender
1771,Hat,Accessories,M,Lavender
1772,Sandals,Footwear,L,Cyan
1773,Sandals,Footwear,L,Lavender
1774,Scarf,Accessories,XL,Magenta
1775,Handbag,Accessories,S,Magenta
1776,Sandals,Footwear,S,Gray
1777,Shoes,Footwear,L,Indigo
1778,Sandals,Footwear,S,White
1779,Handbag,Accessories,L,Pink
1780,Sandals,Footwear,S,Pink
1781,Gloves,Accessories,XL,Magenta
1782,Skirt,Clothing,L,Charcoal
1783,Shorts,Clothing,L,Red
1784,Sandals,Footwear,XL,Orange
1785,Blouse,Clothing,L,Turquoise
1786,Skirt,Clothing,XL,Maroon
1787,Shoes,Footwear,M,Peach
1788,Sunglasses,Accessories,S,Orange
1789,T-shirt,Clothing,XL,White
1790,Coat,Outerwear,L,Pink
1791,Jacket,Outerwear,XL,Yellow
1792,Gloves,Accessories,L,Green
1793,Dress,Clothing,S,Turquoise
1794,Belt,Accessories,XL,Orange
1795,Hoodie,Clothing,M,Beige
1796,Jeans,Clothing,M,Red
1797,Shirt,Clothing,M,Purple
1798,Coat,Outerwear,XL,Cyan
1799,Shorts,Clothing,XL,Black
1800,Jeans,Clothing,XL,Lavender
1801,Gloves,Accessories,XL,Orange
1802,Jeans,Clothing,L,Lavender
1803,Handbag,Accessories,XL,Beige
1804,Scarf,Accessories,S,Turquoise
1805,Scarf,Accessories,M,Green
1806,Pants,Clothing,S,Gold
1807,Hat,Accessories,S,Gold
1808,Boots,Footwear,XL,Purple
1809,Sandals,Footwear,L,Silver
1810,Jacket,Outerwear,L,Lavender
1811,T-shirt,Clothing,M,Black
1812,Shirt,Clothing,XL,Lavender
1813,Shorts,Clothing,S,Blue
1814,T-shirt,Clothing,S,Blue
1815,Sweater,Clothing,XL,Beige
1816,Hat,Accessories,M,Pink
1817,Shoes,Footwear,S,Cyan
1818,Scarf,Accessories,L,Silver
1819,Hat,Accessories,XL,Purple
1820,Dress,Clothing,S,Yellow
1821,Dress,Clothing,L,Peach
1822,Hat,Accessories,L,White
1823,Shoes,Footwear,S,Brown
